Pressure_psia,phi_ratio,k_ratio
0,0.5092142541456222,0.13203882664143013
100,0.5038452041386321,0.12790613834990627
200,0.519379363729029,0.14010514051335998
300,0.5490373135879307,0.16550289035132412
400,0.5886852614416287,0.20400907576225202
500,0.6356592078248435,0.2568461303391714
600,0.6881650306487144,0.3258950770199272
700,0.7449502295870546,0.41341075906584673
800,0.8051138833526077,0.5218815541013423
900,0.8679913778810039,0.6539525438594356
1000,0.9330816964160261,0.8123796031763937
1100,1.0,1.0
1200,1.0684457979399473,1.219712532326473
1300,1.1381810391674048,1.4744635449629362
1400,1.2090146950471856,1.7672367681970296
1500,1.2807916952754324,2.101045747954636
1600,1.3533848473557226,2.4789280933243254
1700,1.426688841371664,2.903941033439533
1800,1.500615738114722,3.3791579386082375
1900,1.5750915293400907,3.907665564492809
2000,1.6500534842497918,4.4925618467701245
